"Week","P_Value","Adjusted_P_Value_BH","Groups_Compared"
"Week_1",0.536796536796537,0.858874458874459,"Ab vs No"
"Week_3",0.246753246753247,0.54445851277715,"Ab vs No"
"Week_5",1,1,"Ab vs No"
"Week_7",0.272229256388575,0.54445851277715,"Ab vs No"
"Week_9",0.930735930735931,1,"Ab vs No"
"Week_11",1,1,"Ab vs No"
"Week_13",0.051948051948052,0.207792207792208,"Ab vs No"
"Week_15",0.00432900432900433,0.0346320346320346,"Ab vs No"
