"Week","P_Value","Adjusted_P_Value_BH","Groups_Compared"
"Week_1",0.792207792207792,1,"Ab vs No"
"Week_3",0.329004329004329,0.658008658008658,"Ab vs No"
"Week_5",1,1,"Ab vs No"
"Week_7",0.329004329004329,0.658008658008658,"Ab vs No"
"Week_9",1,1,"Ab vs No"
"Week_11",0.930735930735931,1,"Ab vs No"
"Week_13",0.0303030303030303,0.242424242424242,"Ab vs No"
"Week_15",0.246753246753247,0.658008658008658,"Ab vs No"
