"","Df","SumOfSqs","R2","F","Pr(>F)"
"Model",7,5337.70822424667,0.15938752956643,1.00221799179288,0.440855914408559
"Residual",37,28151.1615685561,0.84061247043357,NA,NA
"Total",44,33488.8697928028,1,NA,NA
