"","Df","SumOfSqs","R2","F","Pr(>F)"
"Model",7,8969.24235016924,0.317096519818729,1.85734311814934,0.0255974402559744
"Residual",28,19316.2852087475,0.682903480181271,NA,NA
"Total",35,28285.5275589167,1,NA,NA
