"Week","P_Value","Adjusted_p_BH","Groups_Compared"
"Week_1",0.904761904761905,0.904761904761905,"Ab vs No"
"Week_3",0.761904761904762,0.904761904761905,"Ab vs No"
"Week_5",0.547619047619048,0.904761904761905,"Ab vs No"
"Week_7",0.428571428571429,0.904761904761905,"Ab vs No"
"Week_9",0.761904761904762,0.904761904761905,"Ab vs No"
"Week_11",0.792207792207792,0.904761904761905,"Ab vs No"
"Week_13",0.60952380952381,0.904761904761905,"Ab vs No"
"Week_15",0.761904761904762,0.904761904761905,"Ab vs No"
